行业,人物,新车,评测,导购,高清图,用车,技术,游记,车致
未来汽车实验室,张房有,新车前瞻,SUV试驾评测,5万内车型导购,SUV高清图集,保养成本对比,底盘技术,国内游记,演异 
车界风云,曾庆洪,新车竞争力分析,微型车试驾评测,5-10万车型导购,新车官图,用品体验,车身技术,海外游记,人车浮世绘 
营销之道,姚一鸣,国产新车上市价格,紧凑型车试驾评测,10-15万车型导购,试车图解,驾校回炉学开车,发动机/变速箱技术,汽车博物馆,试驾 
高端访谈,冯兴亚,进口新车上市价格,小型车试驾评测,15-20万车型导购,新车实拍,开车那些事儿,安全技术,,改装大赏 
车市观察,吴松,新车效果图/假想图,中型车试驾评测,20-30万车型导购,车型盘点,自己动手不求人,电子科技,欧洲游记,消逝的荣耀 1
车坛论剑,徐育林,碰撞成绩,中大型车试驾评测,30-50万车型导购,,用车手册,新能源/环保技术,亚洲游记,对手戏 
三言二拍,徐和谊,,豪华车试驾评测,50-100万车型导购,喷血车模,,新车技术亮点,美洲游记,赢·响·力
,崔成起,10万元以内新车,MPV试驾评测,100万以上车型导购,清纯车模,德系车保养,,大洋洲游记,
自主品牌,李峰,10-15万元新车,跑车试驾评测,,美腿车模,日系车保养,,,千匹俱乐部
合资,董海洋,15-20万元新车,皮卡试驾评测,微型车/小型车导购,气质车模,韩系车保养,,西藏游记,500马力俱乐部
合资自主,熊伟,20-25万元新车,微面试驾评测,紧凑型/中型车导购,车展模特,美系车保养,,内蒙游记,3秒俱乐部
股比,韩永贵,25-40万元新车,新能源车试驾评测,中大型/豪华车导购,,法系车保养,,,百万美元俱乐部
重组,梁国锋,40万元以上新车,,MPV导购,明星代言,自主品牌车型保养,,美国游记,
召回,郑梦九,,对比测试,个性/高端车导购,,,,德国游记,限量版
摇号,戈恩,国产新车谍照,静态评测,SUV导购,,,,日本游记,手工打造
限购,马尔乔内,进口新车谍照,深度试车,,,,,台湾游记,经典车
汽车销量,皮耶希,,海外试驾,四试同堂,,,,英国游记,经典重生
公务车,文德恩,微型/小型新车价格,冰雪试驾,三国杀,,,,,Dream Car
电动车,艾希纳,紧凑型/中型新车价格,长期测试,,,,,郭涛的游记,超级跑车
车联网,范安德,中大型/豪华新车价格,快图辣评,,,,,苏雨农的游记,
智能交通,蔡澈,MPV新车价格,试车图解,,,,,,SEMA改装车展
,施泰德,轿跑车/跑车新车价格,,,,,,,东京改装车展
资质,穆拉利,SUV新车价格,机油评测,,,,,,圆石滩老爷车展
产品规划,丰田章男,,轮胎评测,,,,,,古德伍德
库存,艾克森,,智能设备评测,,,,,,勒芒
产能,伊东孝绅,,,,,,,,
政策扶持,瓦兰,,,,,,,,加速流
结构调整,雷瑟夫,,,,,,,,极速派 
出口,山内孝,,,,,,,,稀有
金融,海兹曼,,,,,,,,疯狂
并购重组,安铁成,,,,,,,,太梦幻了
财报,张海亮,,,,,,,,亮瞎眼
高管变动,胡咏,,,,,,,,奇葩
战略,葛树文,,,,,,,,太神奇了
限行,尹同跃,,,,,,,,有范儿
后市场,郭谦,,,,,,,,巧夺天工
三包,陈安宁,,,,,,,,流鼻血
油品,黄华琼,,,,,,,,汽车大片
油价,李书福,,,,,,,,
出租车,孙晓东,,,,,,,,
行人违章,赵福全,,,,,,,,
拥堵费,付强,,,,,,,,
停车费,安进,,,,,,,,
排放标准,左延安,,,,,,,,
经销商,王传福,,,,,,,,
进口车,侯雁,,,,,,,,
零部件,廉玉波,,,,,,,,
新能源,魏建军,,,,,,,,
电子商务,王凤英,,,,,,,,
,徐建一,,,,,,,,
,许宪平,,,,,,,,
,竺延风,,,,,,,,
,张晓军,,,,,,,,
,张丕杰,,,,,,,,
,王刚,,,,,,,,
,史登科,,,,,,,,
,安格,,,,,,,,
,许智俊,,,,,,,,
,祁玉民,,,,,,,,
,康思远,,,,,,,,
,吴小安,,,,,,,,
,曹德旺,,,,,,,,
,鲁冠球,,,,,,,,
,徐留平,,,,,,,,
,朱华荣,,,,,,,,
,邹文超,,,,,,,,
,张宝林,,,,,,,,
,王金玉,,,,,,,,
,汤玉祥,,,,,,,,
,倪凯 ,,,,,,,,
,麦尔斯,,,,,,,,
,马瑞麟,,,,,,,,
,罗明刚,,,,,,,,
,苏南永,,,,,,,,
,蒋玉滨,,,,,,,,
,董长征,,,,,,,,
,田聪明,,,,,,,,
,李晖,,,,,,,,
,郑洁,,,,,,,,
,付强,,,,,,,,
,胡茂元,,,,,,,,
,陈虹,,,,,,,,
,沈建华,,,,,,,,
,陈志鑫,,,,,,,,
,苏瑞博,,,,,,,,
,叶永明,,,,,,,,
,蔡宾,,,,,,,,
,沈阳,,,,,,,,
,袁智军,,,,,,,,
,刘曰海,,,,,,,,
,朱福寿,,,,,,,,
,邱现东,,,,,,,,
,吕海涛,,,,,,,,
,程道然,,,,,,,,
,李春荣,,,,,,,,
,刘卫东,,,,,,,,
,徐平,,,,,,,,
,周文杰,,,,,,,,
,李绍烛,,,,,,,,
,仓石诚司,,,,,,,,
,水野泰秀,,,,,,,,
,任勇,,,,,,,,
,西林隆,,,,,,,,
,安迪.帕尔默,,,,,,,,
,中村公泰,,,,,,,,
,郭振甫,,,,,,,,
,戴雷,,,,,,,,
,吕征宇,,,,,,,,
,岩濑大辅,,,,,,,,
,付守杰,,,,,,,,
,高博,,,,,,,,
,郎立新,,,,,,,,
,陈国章,,,,,,,,
,田青久,,,,,,,,
,况锦文,,,,,,,,
,藤桥稔,,,,,,,,
,仰融,,,,,,,,
,庞庆华,,,,,,,,
,庞青年,,,,,,,,
